厂商名称,应用名称,用户ID,订单号,金额(元),购买时间,购买结果
hy测试,迷失无人岛(含数据包),210376711,5220180102b7W92563,0.01,2018-01-02 16:09,已支付
hy测试,yhl测试,210376711,5720180102508u612o,0.01,2018-01-02 16:06,已支付
hy测试,yhl测试,16,5720180102aOH2P1y6,0.01,2018-01-02 15:28,已支付
hy测试,我的咖啡店,210376711,5520180102AlTx6z84,0.01,2018-01-02 15:25,已支付
hy测试,不思议迷宫,15,51201801027GKw9lHQ,0.01,2018-01-02 15:23,已支付
hy测试,我是大将军,15,5420180102n79eBH57,66.66,2018-01-02 15:12,已支付
hy测试,不思议迷宫,10000295,51201801027MtQ5g72,0.01,2018-01-02 15:10,已支付
hy测试,迷失无人岛(含数据包),10000295,52201801026E7RG8X1,0.01,2018-01-02 15:02,已支付
hy测试,丧尸国度,10000295,5320180102988W81K8,0.01,2018-01-02 14:58,已支付
hy测试,我的咖啡店,10000295,5520180102V85o05w8,0.01,2018-01-02 14:57,已支付
我是测试数据,qq的测试,10000295,5620180102Do3f3011,10.0,2018-01-02 14:57,已支付
hy测试,yhl测试,10000295,5720180102RDcJj50Z,0.01,2018-01-02 14:57,已支付
我是测试数据,qq的测试,18,56201712291Duy381B,10.0,2017-12-29 13:18,已支付
hy测试,yhl测试,10001738,5720171228EELH17Go,0.01,2017-12-28 16:12,已支付
我是测试数据,qq的测试,12,5620171228Tm731iR1,10.0,2017-12-28 15:00,已支付
我是测试数据,qq的测试,11,5620171228FBGr07n0,10.0,2017-12-28 15:00,已支付
我是测试数据,qq的测试,11,56201712285Y0YCZ64,10.0,2017-12-28 14:57,已支付
hy测试,我是大将军,14,5420171228CE90RW7V,66.66,2017-12-28 14:44,已支付
hy测试,yhl测试,11,57201712280b3O49g4,0.01,2017-12-28 14:41,已支付
hy测试,我是大将军,13,5420171227g14lA86B,66.66,2017-12-27 17:30,已支付
hy测试,我是大将军,12,5420171227U82t362H,100.0,2017-12-27 16:44,已支付
hy测试,不思议迷宫,210221306,512017122700d53EPK,0.01,2017-12-27 15:36,已支付
hy测试,我是大将军,11,5420171227m0a3G1hq,100.01,2017-12-27 15:32,已支付
hy测试,我的咖啡店,11,5520171226us33977K,0.01,2017-12-26 20:52,已支付
hy测试,迷失无人岛(含数据包),11,52201712265379722m,0.01,2017-12-26 20:06,已支付
hy测试,迷失无人岛(含数据包),11,52201712266a4q6237,0.01,2017-12-26 20:06,已支付
hy测试,迷失无人岛(含数据包),11,5220171226QkNpqzXc,0.01,2017-12-26 20:06,已支付
hy测试,迷失无人岛(含数据包),11,522017122699k30D06,0.01,2017-12-26 20:05,已支付
hy测试,迷失无人岛(含数据包),11,5220171226L7N01mj8,0.01,2017-12-26 20:05,已支付
hy测试,迷失无人岛(含数据包),11,522017122684D1995R,0.01,2017-12-26 20:04,已支付
hy测试,迷失无人岛(含数据包),11,5220171226602jY796,0.01,2017-12-26 20:04,已支付
hy测试,迷失无人岛(含数据包),11,5220171226l1dx46oK,0.01,2017-12-26 20:04,已支付
hy测试,迷失无人岛(含数据包),11,5220171226NU1Qo511,0.01,2017-12-26 20:03,已支付
hy测试,迷失无人岛(含数据包),11,5220171226Op5Zu898,0.01,2017-12-26 20:01,已支付
hy测试,迷失无人岛(含数据包),11,5220171226FOsZ86nC,0.01,2017-12-26 20:00,已支付
hy测试,迷失无人岛(含数据包),11,52201712261975g09m,0.01,2017-12-26 19:57,已支付
hy测试,迷失无人岛(含数据包),11,52201712263039t0jP,0.01,2017-12-26 19:56,已支付
hy测试,迷失无人岛(含数据包),11,522017122681kU9Jy4,0.01,2017-12-26 19:55,已支付
hy测试,迷失无人岛(含数据包),11,52201712263076o0Uf,0.01,2017-12-26 19:55,已支付
hy测试,迷失无人岛(含数据包),11,5220171226T27VMt44,0.01,2017-12-26 19:54,已支付
hy测试,迷失无人岛(含数据包),11,5220171226LM4OL2Ku,0.01,2017-12-26 19:53,已支付
hy测试,迷失无人岛(含数据包),11,5220171226q8w40b56,0.01,2017-12-26 19:52,已支付
hy测试,迷失无人岛(含数据包),11,52201712261f0c66AN,0.01,2017-12-26 19:52,已支付
hy测试,迷失无人岛(含数据包),11,5220171226MCK34Sb3,0.01,2017-12-26 19:41,已支付
hy测试,迷失无人岛(含数据包),11,5220171226fA722Tp3,0.01,2017-12-26 19:19,已支付
hy测试,迷失无人岛(含数据包),11,52201712267599933f,0.01,2017-12-26 19:08,已支付
hy测试,迷失无人岛(含数据包),11,5220171226Ri93T9gT,0.01,2017-12-26 19:08,已支付
hy测试,迷失无人岛(含数据包),11,5220171226GS075An8,0.01,2017-12-26 19:01,已支付
hy测试,丧尸国度,11,5320171226pg336dyk,0.01,2017-12-26 17:59,已支付
hy测试,迷失无人岛(含数据包),12,5220171226F3Y9e7K3,0.01,2017-12-26 17:30,已支付
hy测试,丧尸国度,12,53201712261d1m715E,0.01,2017-12-26 17:21,已支付
hy测试,我是大将军,10000207,5420171226975qb0B8,0.01,2017-12-26 15:00,已支付
hy测试,不思议迷宫,10000207,51201712264bI2hlN4,0.01,2017-12-26 14:57,已支付
hy测试,丧尸国度,16,5320171226Dw7L1zWX,0.01,2017-12-26 11:09,已支付
